Segment #,Depth from Pile Head,Top Elevation of Segment,Midpoint Elevation,Bottom Elevation of Segment, Shaft Shape,Shaft Size, Shaft Perimeter, Soil Cylinder Diameter, Soil Cylinder Perimeter, Helix Diameter, Helix Area, Is Interhelix?, Helix ID, Thickness,Is Segment Above Ground?,Soil Layer Name,Phi,Delta,Coeff. of Lateral Earth Pressure,Adhesion Factor (Alpha),Undrained Shear Strength,Soil Unit Weight,Saturated Unit Weight,NcPrime (C),NqPrime (C), NgammaPrime (C), NcPrime (U),NqPrime (U), NgammaPrime (U), 
1,0,1.2,1.17497,1.14995,Square,0.1,0.4, 0.3,0.942478, 0,0,0, -1, 0.05005, 1, n/a, 0, 0, 0, 0, 0, 0, 0, 0, 0, 0, 0, 0, 0, 
2,0.05005,1.14995,1.12492,1.0999,Square,0.1,0.4, 0.3,0.942478, 0,0,0, -1, 0.05005, 1, n/a, 0, 0, 0, 0, 0, 0, 0, 0, 0, 0, 0, 0, 0, 
3,0.1001,1.0999,1.07488,1.04985,Square,0.1,0.4, 0.3,0.942478, 0,0,0, -1, 0.05005, 1, n/a, 0, 0, 0, 0, 0, 0, 0, 0, 0, 0, 0, 0, 0, 
4,0.15015,1.04985,1.02483,0.9998,Square,0.1,0.4, 0.3,0.942478, 0,0,0, -1, 0.05005, 1, n/a, 0, 0, 0, 0, 0, 0, 0, 0, 0, 0, 0, 0, 0, 
5,0.2002,0.9998,0.974775,0.94975,Square,0.1,0.4, 0.3,0.942478, 0,0,0, -1, 0.05005, 1, n/a, 0, 0, 0, 0, 0, 0, 0, 0, 0, 0, 0, 0, 0, 
6,0.25025,0.94975,0.924725,0.8997,Square,0.1,0.4, 0.3,0.942478, 0,0,0, -1, 0.05005, 1, n/a, 0, 0, 0, 0, 0, 0, 0, 0, 0, 0, 0, 0, 0, 
7,0.3003,0.8997,0.874675,0.84965,Square,0.1,0.4, 0.3,0.942478, 0,0,0, -1, 0.05005, 1, n/a, 0, 0, 0, 0, 0, 0, 0, 0, 0, 0, 0, 0, 0, 
8,0.35035,0.84965,0.824625,0.7996,Square,0.1,0.4, 0.3,0.942478, 0,0,0, -1, 0.05005, 1, n/a, 0, 0, 0, 0, 0, 0, 0, 0, 0, 0, 0, 0, 0, 
9,0.4004,0.7996,0.774575,0.74955,Square,0.1,0.4, 0.3,0.942478, 0,0,0, -1, 0.05005, 1, n/a, 0, 0, 0, 0, 0, 0, 0, 0, 0, 0, 0, 0, 0, 
10,0.45045,0.74955,0.724525,0.6995,Square,0.1,0.4, 0.3,0.942478, 0,0,0, -1, 0.05005, 1, n/a, 0, 0, 0, 0, 0, 0, 0, 0, 0, 0, 0, 0, 0, 
11,0.5005,0.6995,0.674475,0.64945,Square,0.1,0.4, 0.3,0.942478, 0,0,0, -1, 0.05005, 1, n/a, 0, 0, 0, 0, 0, 0, 0, 0, 0, 0, 0, 0, 0, 
12,0.55055,0.64945,0.624425,0.5994,Square,0.1,0.4, 0.3,0.942478, 0,0,0, -1, 0.05005, 1, n/a, 0, 0, 0, 0, 0, 0, 0, 0, 0, 0, 0, 0, 0, 
13,0.6006,0.5994,0.574375,0.54935,Square,0.1,0.4, 0.3,0.942478, 0,0,0, -1, 0.05005, 1, n/a, 0, 0, 0, 0, 0, 0, 0, 0, 0, 0, 0, 0, 0, 
14,0.65065,0.54935,0.524325,0.4993,Square,0.1,0.4, 0.3,0.942478, 0,0,0, -1, 0.05005, 1, n/a, 0, 0, 0, 0, 0, 0, 0, 0, 0, 0, 0, 0, 0, 
15,0.7007,0.4993,0.474275,0.44925,Square,0.1,0.4, 0.3,0.942478, 0,0,0, -1, 0.05005, 1, n/a, 0, 0, 0, 0, 0, 0, 0, 0, 0, 0, 0, 0, 0, 
16,0.75075,0.44925,0.424225,0.3992,Square,0.1,0.4, 0.3,0.942478, 0,0,0, -1, 0.05005, 1, n/a, 0, 0, 0, 0, 0, 0, 0, 0, 0, 0, 0, 0, 0, 
17,0.8008,0.3992,0.374175,0.34915,Square,0.1,0.4, 0.3,0.942478, 0,0,0, -1, 0.05005, 1, n/a, 0, 0, 0, 0, 0, 0, 0, 0, 0, 0, 0, 0, 0, 
18,0.85085,0.34915,0.324125,0.2991,Square,0.1,0.4, 0.3,0.942478, 0,0,0, -1, 0.05005, 1, n/a, 0, 0, 0, 0, 0, 0, 0, 0, 0, 0, 0, 0, 0, 
19,0.9009,0.2991,0.274075,0.24905,Square,0.1,0.4, 0.3,0.942478, 0,0,0, -1, 0.05005, 1, n/a, 0, 0, 0, 0, 0, 0, 0, 0, 0, 0, 0, 0, 0, 
20,0.95095,0.24905,0.224025,0.199,Square,0.1,0.4, 0.3,0.942478, 0,0,0, -1, 0.05005, 1, n/a, 0, 0, 0, 0, 0, 0, 0, 0, 0, 0, 0, 0, 0, 
21,1.001,0.199,0.173975,0.14895,Square,0.1,0.4, 0.3,0.942478, 0,0,0, -1, 0.05005, 1, n/a, 0, 0, 0, 0, 0, 0, 0, 0, 0, 0, 0, 0, 0, 
22,1.05105,0.14895,0.123925,0.0989,Square,0.1,0.4, 0.3,0.942478, 0,0,0, -1, 0.05005, 1, n/a, 0, 0, 0, 0, 0, 0, 0, 0, 0, 0, 0, 0, 0, 
23,1.1011,0.0989,0.073875,0.04885,Square,0.1,0.4, 0.3,0.942478, 0,0,0, -1, 0.05005, 1, n/a, 0, 0, 0, 0, 0, 0, 0, 0, 0, 0, 0, 0, 0, 
24,1.15115,0.04885,0.023825,-0.0012,Square,0.1,0.4, 0.3,0.942478, 0,0,0, -1, 0.05005, 1, n/a, 0, 0, 0, 0, 0, 0, 0, 0, 0, 0, 0, 0, 0, 
25,1.2012,-0.0012,-0.026225,-0.05125,Square,0.1,0.4, 0.3,0.942478, 0,0,0, -1, 0.05005, 0, Sand (Fill), 28, 20, 1, 0, 0, 21, 22, 0, 0, 0, 0, 0, 0, 
26,1.25125,-0.05125,-0.076275,-0.1013,Square,0.1,0.4, 0.3,0.942478, 0,0,0, -1, 0.05005, 0, Sand (Fill), 28, 20, 1, 0, 0, 21, 22, 0, 0, 0, 0, 0, 0, 
27,1.3013,-0.1013,-0.126325,-0.15135,Square,0.1,0.4, 0.3,0.942478, 0,0,0, -1, 0.05005, 0, Sand (Fill), 28, 20, 1, 0, 0, 21, 22, 0, 0, 0, 0, 0, 0, 
28,1.35135,-0.15135,-0.176375,-0.2014,Square,0.1,0.4, 0.3,0.942478, 0,0,0, -1, 0.05005, 0, Sand (Fill), 28, 20, 1, 0, 0, 21, 22, 0, 0, 0, 0, 0, 0, 
29,1.4014,-0.2014,-0.226425,-0.25145,Square,0.1,0.4, 0.3,0.942478, 0,0,0, -1, 0.05005, 0, Sand (Fill), 28, 20, 1, 0, 0, 21, 22, 0, 0, 0, 0, 0, 0, 
30,1.45145,-0.25145,-0.276475,-0.3015,Square,0.1,0.4, 0.3,0.942478, 0,0,0, -1, 0.05005, 0, Sand (Fill), 28, 20, 1, 0, 0, 21, 22, 0, 0, 0, 0, 0, 0, 
31,1.5015,-0.3015,-0.326525,-0.35155,Square,0.1,0.4, 0.3,0.942478, 0,0,0, -1, 0.05005, 0, Sand (Fill), 28, 20, 1, 0, 0, 21, 22, 0, 0, 0, 0, 0, 0, 
32,1.55155,-0.35155,-0.376575,-0.4016,Square,0.1,0.4, 0.3,0.942478, 0,0,0, -1, 0.05005, 0, Sand (Fill), 28, 20, 1, 0, 0, 21, 22, 0, 0, 0, 0, 0, 0, 
33,1.6016,-0.4016,-0.426625,-0.45165,Square,0.1,0.4, 0.3,0.942478, 0,0,0, -1, 0.05005, 0, Sand (Fill), 28, 20, 1, 0, 0, 21, 22, 0, 0, 0, 0, 0, 0, 
34,1.65165,-0.45165,-0.476675,-0.5017,Square,0.1,0.4, 0.3,0.942478, 0,0,0, -1, 0.05005, 0, Sand (Fill), 28, 20, 1, 0, 0, 21, 22, 0, 0, 0, 0, 0, 0, 
35,1.7017,-0.5017,-0.526725,-0.55175,Square,0.1,0.4, 0.3,0.942478, 0,0,0, -1, 0.05005, 0, Sand (Fill), 28, 20, 1, 0, 0, 21, 22, 0, 0, 0, 0, 0, 0, 
36,1.75175,-0.55175,-0.576775,-0.6018,Square,0.1,0.4, 0.3,0.942478, 0,0,0, -1, 0.05005, 0, Sand (Fill), 28, 20, 1, 0, 0, 21, 22, 0, 0, 0, 0, 0, 0, 
37,1.8018,-0.6018,-0.626825,-0.65185,Square,0.1,0.4, 0.3,0.942478, 0,0,0, -1, 0.05005, 0, Sand (Fill), 28, 20, 1, 0, 0, 21, 22, 0, 0, 0, 0, 0, 0, 
38,1.85185,-0.65185,-0.676875,-0.7019,Square,0.1,0.4, 0.3,0.942478, 0,0,0, -1, 0.05005, 0, Sand (Fill), 28, 20, 1, 0, 0, 21, 22, 0, 0, 0, 0, 0, 0, 
39,1.9019,-0.7019,-0.726925,-0.75195,Square,0.1,0.4, 0.3,0.942478, 0,0,0, -1, 0.05005, 0, Sand (Fill), 28, 20, 1, 0, 0, 21, 22, 0, 0, 0, 0, 0, 0, 
40,1.95195,-0.75195,-0.776975,-0.802,Square,0.1,0.4, 0.3,0.942478, 0,0,0, -1, 0.05005, 0, Sand (Fill), 28, 20, 1, 0, 0, 21, 22, 0, 0, 0, 0, 0, 0, 
41,2.002,-0.802,-0.827025,-0.85205,Square,0.1,0.4, 0.3,0.942478, 0,0,0, -1, 0.05005, 0, Sand (Fill), 28, 20, 1, 0, 0, 21, 22, 0, 0, 0, 0, 0, 0, 
42,2.05205,-0.85205,-0.877075,-0.9021,Square,0.1,0.4, 0.3,0.942478, 0,0,0, -1, 0.05005, 0, Sand (Fill), 28, 20, 1, 0, 0, 21, 22, 0, 0, 0, 0, 0, 0, 
43,2.1021,-0.9021,-0.927125,-0.95215,Square,0.1,0.4, 0.3,0.942478, 0,0,0, -1, 0.05005, 0, Sand (Fill), 28, 20, 1, 0, 0, 21, 22, 0, 0, 0, 0, 0, 0, 
44,2.15215,-0.95215,-0.977175,-1.0022,Square,0.1,0.4, 0.3,0.942478, 0,0,0, -1, 0.05005, 0, Sand (Fill), 28, 20, 1, 0, 0, 21, 22, 0, 0, 0, 0, 0, 0, 
45,2.2022,-1.0022,-1.02723,-1.05225,Square,0.1,0.4, 0.3,0.942478, 0,0,0, -1, 0.05005, 0, Sand (Fill), 28, 20, 1, 0, 0, 21, 22, 0, 0, 0, 0, 0, 0, 
46,2.25225,-1.05225,-1.07728,-1.1023,Square,0.1,0.4, 0.3,0.942478, 0,0,0, -1, 0.05005, 0, Sand (Fill), 28, 20, 1, 0, 0, 21, 22, 0, 0, 0, 0, 0, 0, 
47,2.3023,-1.1023,-1.12733,-1.15235,Square,0.1,0.4, 0.3,0.942478, 0,0,0, -1, 0.05005, 0, Sand (Fill), 28, 20, 1, 0, 0, 21, 22, 0, 0, 0, 0, 0, 0, 
48,2.35235,-1.15235,-1.17738,-1.2024,Square,0.1,0.4, 0.3,0.942478, 0,0,0, -1, 0.05005, 0, Sand (Fill), 28, 20, 1, 0, 0, 21, 22, 0, 0, 0, 0, 0, 0, 
49,2.4024,-1.2024,-1.22743,-1.25245,Square,0.1,0.4, 0.3,0.942478, 0,0,0, -1, 0.05005, 0, Sand (Fill), 28, 20, 1, 0, 0, 21, 22, 0, 0, 0, 0, 0, 0, 
50,2.45245,-1.25245,-1.27748,-1.3025,Square,0.1,0.4, 0.3,0.942478, 0,0,0, -1, 0.05005, 0, Sand (Fill), 28, 20, 1, 0, 0, 21, 22, 0, 0, 0, 0, 0, 0, 
51,2.5025,-1.3025,-1.32753,-1.35255,Square,0.1,0.4, 0.3,0.942478, 0,0,0, -1, 0.05005, 0, Sand (Fill), 28, 20, 1, 0, 0, 21, 22, 0, 0, 0, 0, 0, 0, 
52,2.55255,-1.35255,-1.37757,-1.4026,Square,0.1,0.4, 0.3,0.942478, 0,0,0, -1, 0.05005, 0, Sand (Fill), 28, 20, 1, 0, 0, 21, 22, 0, 0, 0, 0, 0, 0, 
53,2.6026,-1.4026,-1.42762,-1.45265,Square,0.1,0.4, 0.3,0.942478, 0,0,0, -1, 0.05005, 0, Sand (Fill), 28, 20, 1, 0, 0, 21, 22, 0, 0, 0, 0, 0, 0, 
54,2.65265,-1.45265,-1.47767,-1.5027,Square,0.1,0.4, 0.3,0.942478, 0,0,0, -1, 0.05005, 0, Sand (Fill), 28, 20, 1, 0, 0, 21, 22, 0, 0, 0, 0, 0, 0, 
55,2.7027,-1.5027,-1.52772,-1.55275,Square,0.1,0.4, 0.3,0.942478, 0,0,0, -1, 0.05005, 0, Sand (Fill), 28, 20, 1, 0, 0, 21, 22, 0, 0, 0, 0, 0, 0, 
56,2.75275,-1.55275,-1.57777,-1.6028,Square,0.1,0.4, 0.3,0.942478, 0,0,0, -1, 0.05005, 0, Sand (Fill), 28, 20, 1, 0, 0, 21, 22, 0, 0, 0, 0, 0, 0, 
57,2.8028,-1.6028,-1.62782,-1.65285,Square,0.1,0.4, 0.3,0.942478, 0,0,0, -1, 0.05005, 0, Sand (Fill), 28, 20, 1, 0, 0, 21, 22, 0, 0, 0, 0, 0, 0, 
58,2.85285,-1.65285,-1.67787,-1.7029,Square,0.1,0.4, 0.3,0.942478, 0,0,0, -1, 0.05005, 0, Sand (Fill), 28, 20, 1, 0, 0, 21, 22, 0, 0, 0, 0, 0, 0, 
59,2.9029,-1.7029,-1.72792,-1.75295,Square,0.1,0.4, 0.3,0.942478, 0,0,0, -1, 0.05005, 0, Sand (Fill), 28, 20, 1, 0, 0, 21, 22, 0, 0, 0, 0, 0, 0, 
60,2.95295,-1.75295,-1.77797,-1.803,Square,0.1,0.4, 0.3,0.942478, 0,0,0, -1, 0.05005, 0, Sand (Fill), 28, 20, 1, 0, 0, 21, 22, 0, 0, 0, 0, 0, 0, 
61,3.003,-1.803,-1.82802,-1.85305,Square,0.1,0.4, 0.3,0.942478, 0,0,0, -1, 0.05005, 0, Sand (Fill), 28, 20, 1, 0, 0, 21, 22, 0, 0, 0, 0, 0, 0, 
62,3.05305,-1.85305,-1.87807,-1.9031,Square,0.1,0.4, 0.3,0.942478, 0,0,0, -1, 0.05005, 0, Sand (Fill), 28, 20, 1, 0, 0, 21, 22, 0, 0, 0, 0, 0, 0, 
63,3.1031,-1.9031,-1.92812,-1.95315,Square,0.1,0.4, 0.3,0.942478, 0,0,0, -1, 0.05005, 0, Sand (Fill), 28, 20, 1, 0, 0, 21, 22, 0, 0, 0, 0, 0, 0, 
64,3.15315,-1.95315,-1.97817,-2.0032,Square,0.1,0.4, 0.3,0.942478, 0,0,0, -1, 0.05005, 0, Sand (Fill), 28, 20, 1, 0, 0, 21, 22, 0, 0, 0, 0, 0, 0, 
65,3.2032,-2.0032,-2.02822,-2.05325,Square,0.1,0.4, 0.3,0.942478, 0,0,0, -1, 0.05005, 0, Sand (Fill), 28, 20, 1, 0, 0, 21, 22, 0, 0, 0, 0, 0, 0, 
66,3.25325,-2.05325,-2.07827,-2.1033,Square,0.1,0.4, 0.3,0.942478, 0,0,0, -1, 0.05005, 0, Sand (Fill), 28, 20, 1, 0, 0, 21, 22, 0, 0, 0, 0, 0, 0, 
67,3.3033,-2.1033,-2.12832,-2.15335,Square,0.1,0.4, 0.3,0.942478, 0,0,0, -1, 0.05005, 0, Sand (Fill), 28, 20, 1, 0, 0, 21, 22, 0, 0, 0, 0, 0, 0, 
68,3.35335,-2.15335,-2.17837,-2.2034,Square,0.1,0.4, 0.3,0.942478, 0,0,0, -1, 0.05005, 0, Sand (Fill), 28, 20, 1, 0, 0, 21, 22, 0, 0, 0, 0, 0, 0, 
69,3.4034,-2.2034,-2.22842,-2.25345,Square,0.1,0.4, 0.3,0.942478, 0,0,0, -1, 0.05005, 0, Sand (Fill), 28, 20, 1, 0, 0, 21, 22, 0, 0, 0, 0, 0, 0, 
70,3.45345,-2.25345,-2.27847,-2.3035,Square,0.1,0.4, 0.3,0.942478, 0,0,0, -1, 0.05005, 0, Sand (Fill), 28, 20, 1, 0, 0, 21, 22, 0, 0, 0, 0, 0, 0, 
71,3.5035,-2.3035,-2.32852,-2.35355,Square,0.1,0.4, 0.3,0.942478, 0,0,0, -1, 0.05005, 0, Sand (Fill), 28, 20, 1, 0, 0, 21, 22, 0, 0, 0, 0, 0, 0, 
72,3.55355,-2.35355,-2.37858,-2.4036,Square,0.1,0.4, 0.3,0.942478, 0,0,0, -1, 0.05005, 0, Sand (Fill), 28, 20, 1, 0, 0, 21, 22, 0, 0, 0, 0, 0, 0, 
73,3.6036,-2.4036,-2.42863,-2.45365,Square,0.1,0.4, 0.3,0.942478, 0,0,0, -1, 0.05005, 0, Sand (Fill), 28, 20, 1, 0, 0, 21, 22, 0, 0, 0, 0, 0, 0, 
74,3.65365,-2.45365,-2.47868,-2.5037,Square,0.1,0.4, 0.3,0.942478, 0,0,0, -1, 0.05005, 0, Sand (Fill), 28, 20, 1, 0, 0, 21, 22, 0, 0, 0, 0, 0, 0, 
75,3.7037,-2.5037,-2.52873,-2.55375,Square,0.1,0.4, 0.3,0.942478, 0,0,0, -1, 0.05005, 0, Sand (Fill), 28, 20, 1, 0, 0, 21, 22, 0, 0, 0, 0, 0, 0, 
76,3.75375,-2.55375,-2.57878,-2.6038,Square,0.1,0.4, 0.3,0.942478, 0,0,0, -1, 0.05005, 0, Sand (Fill), 28, 20, 1, 0, 0, 21, 22, 0, 0, 0, 0, 0, 0, 
77,3.8038,-2.6038,-2.62883,-2.65385,Square,0.1,0.4, 0.3,0.942478, 0,0,0, -1, 0.05005, 0, Sand (Fill), 28, 20, 1, 0, 0, 21, 22, 0, 0, 0, 0, 0, 0, 
78,3.85385,-2.65385,-2.67888,-2.7039,Square,0.1,0.4, 0.3,0.942478, 0,0,0, -1, 0.05005, 0, Sand (Fill), 28, 20, 1, 0, 0, 21, 22, 0, 0, 0, 0, 0, 0, 
79,3.9039,-2.7039,-2.72893,-2.75395,Square,0.1,0.4, 0.3,0.942478, 0,0,0, -1, 0.05005, 0, Sand (Fill), 28, 20, 1, 0, 0, 21, 22, 0, 0, 0, 0, 0, 0, 
80,3.95395,-2.75395,-2.77898,-2.804,Square,0.1,0.4, 0.3,0.942478, 0,0,0, -1, 0.05005, 0, Sand (Fill), 28, 20, 1, 0, 0, 21, 22, 0, 0, 0, 0, 0, 0, 
81,4.004,-2.804,-2.82903,-2.85405,Square,0.1,0.4, 0.3,0.942478, 0,0,0, -1, 0.05005, 0, Sand (Fill), 28, 20, 1, 0, 0, 21, 22, 0, 0, 0, 0, 0, 0, 
82,4.05405,-2.85405,-2.87908,-2.9041,Square,0.1,0.4, 0.3,0.942478, 0,0,0, -1, 0.05005, 0, Sand (Fill), 28, 20, 1, 0, 0, 21, 22, 0, 0, 0, 0, 0, 0, 
83,4.1041,-2.9041,-2.92913,-2.95415,Square,0.1,0.4, 0.3,0.942478, 0,0,0, -1, 0.05005, 0, Sand (Fill), 28, 20, 1, 0, 0, 21, 22, 0, 0, 0, 0, 0, 0, 
84,4.15415,-2.95415,-2.97918,-3.0042,Square,0.1,0.4, 0.3,0.942478, 0,0,0, -1, 0.05005, 0, Sand (Fill), 28, 20, 1, 0, 0, 21, 22, 0, 0, 0, 0, 0, 0, 
85,4.2042,-3.0042,-3.02923,-3.05425,Square,0.1,0.4, 0.3,0.942478, 0,0,0, -1, 0.05005, 0, Sand (Fill), 28, 20, 1, 0, 0, 21, 22, 0, 0, 0, 0, 0, 0, 
86,4.25425,-3.05425,-3.07928,-3.1043,Square,0.1,0.4, 0.3,0.942478, 0,0,0, -1, 0.05005, 0, Sand (Fill), 28, 20, 1, 0, 0, 21, 22, 0, 0, 0, 0, 0, 0, 
87,4.3043,-3.1043,-3.12933,-3.15435,Square,0.1,0.4, 0.3,0.942478, 0,0,0, -1, 0.05005, 0, Sand (Fill), 28, 20, 1, 0, 0, 21, 22, 0, 0, 0, 0, 0, 0, 
88,4.35435,-3.15435,-3.17938,-3.2044,Square,0.1,0.4, 0.3,0.942478, 0,0,0, -1, 0.05005, 0, Sand (Fill), 28, 20, 1, 0, 0, 21, 22, 0, 0, 0, 0, 0, 0, 
89,4.4044,-3.2044,-3.22943,-3.25445,Square,0.1,0.4, 0.3,0.942478, 0,0,0, -1, 0.05005, 0, Sand (Fill), 28, 20, 1, 0, 0, 21, 22, 0, 0, 0, 0, 0, 0, 
90,4.45445,-3.25445,-3.27948,-3.3045,Square,0.1,0.4, 0.3,0.942478, 0,0,0, -1, 0.05005, 0, Sand (Fill), 28, 20, 1, 0, 0, 21, 22, 0, 0, 0, 0, 0, 0, 
91,4.5045,-3.3045,-3.32953,-3.35455,Square,0.1,0.4, 0.3,0.942478, 0,0,0, -1, 0.05005, 0, Sand (Fill), 28, 20, 1, 0, 0, 21, 22, 0, 0, 0, 0, 0, 0, 
92,4.55455,-3.35455,-3.37958,-3.4046,Square,0.1,0.4, 0.3,0.942478, 0,0,0, -1, 0.05005, 0, Sand (Fill), 28, 20, 1, 0, 0, 21, 22, 0, 0, 0, 0, 0, 0, 
93,4.6046,-3.4046,-3.42963,-3.45465,Square,0.1,0.4, 0.3,0.942478, 0,0,0, -1, 0.05005, 0, Sand (Fill), 28, 20, 1, 0, 0, 21, 22, 0, 0, 0, 0, 0, 0, 
94,4.65465,-3.45465,-3.47968,-3.5047,Square,0.1,0.4, 0.3,0.942478, 0,0,0, -1, 0.05005, 0, Sand (Fill), 28, 20, 1, 0, 0, 21, 22, 0, 0, 0, 0, 0, 0, 
95,4.7047,-3.5047,-3.52973,-3.55475,Square,0.1,0.4, 0.3,0.942478, 0,0,0, -1, 0.05005, 0, Sand (Fill), 28, 20, 1, 0, 0, 21, 22, 0, 0, 0, 0, 0, 0, 
96,4.75475,-3.55475,-3.57978,-3.6048,Square,0.1,0.4, 0.3,0.942478, 0,0,0, -1, 0.05005, 0, Sand (Fill), 28, 20, 1, 0, 0, 21, 22, 0, 0, 0, 0, 0, 0, 
97,4.8048,-3.6048,-3.62983,-3.65485,Square,0.1,0.4, 0.3,0.942478, 0,0,0, -1, 0.05005, 0, Sand (Fill), 28, 20, 1, 0, 0, 21, 22, 0, 0, 0, 0, 0, 0, 
98,4.85485,-3.65485,-3.67988,-3.7049,Square,0.1,0.4, 0.3,0.942478, 0,0,0, -1, 0.05005, 0, Sand (Fill), 28, 20, 1, 0, 0, 21, 22, 0, 0, 0, 0, 0, 0, 
99,4.9049,-3.7049,-3.72993,-3.75495,Square,0.1,0.4, 0.3,0.942478, 0,0,0, -1, 0.05005, 0, Sand (Fill), 28, 20, 1, 0, 0, 21, 22, 0, 0, 0, 0, 0, 0, 
100,4.95495,-3.75495,-3.77998,-3.805,Square,0.1,0.4, 0.3,0.942478, 0,0,0, -1, 0.05005, 0, Sand (Fill), 28, 20, 1, 0, 0, 21, 22, 0, 0, 0, 0, 0, 0, 
101,5.005,-3.805,-3.83003,-3.85505,Square,0.1,0.4, 0.3,0.942478, 0,0,0, -1, 0.05005, 0, Sand (Fill), 28, 20, 1, 0, 0, 21, 22, 0, 0, 0, 0, 0, 0, 
102,5.05505,-3.85505,-3.88008,-3.9051,Square,0.1,0.4, 0.3,0.942478, 0,0,0, -1, 0.05005, 0, Sand (Fill), 28, 20, 1, 0, 0, 21, 22, 0, 0, 0, 0, 0, 0, 
103,5.1051,-3.9051,-3.93013,-3.95515,Square,0.1,0.4, 0.3,0.942478, 0,0,0, -1, 0.05005, 0, Sand (Fill), 28, 20, 1, 0, 0, 21, 22, 0, 0, 0, 0, 0, 0, 
104,5.15515,-3.95515,-3.98018,-4.0052,Square,0.1,0.4, 0.3,0.942478, 0,0,0, -1, 0.05005, 0, Sand (Fill), 28, 20, 1, 0, 0, 21, 22, 0, 0, 0, 0, 0, 0, 
105,5.2052,-4.0052,-4.03023,-4.05525,Square,0.1,0.4, 0.3,0.942478, 0,0,0, -1, 0.05005, 0, Sand (Fill), 28, 20, 1, 0, 0, 21, 22, 0, 0, 0, 0, 0, 0, 
106,5.25525,-4.05525,-4.08028,-4.1053,Square,0.1,0.4, 0.3,0.942478, 0,0,0, -1, 0.05005, 0, Sand (Fill), 28, 20, 1, 0, 0, 21, 22, 0, 0, 0, 0, 0, 0, 
107,5.3053,-4.1053,-4.13033,-4.15535,Square,0.1,0.4, 0.3,0.942478, 0,0,0, -1, 0.05005, 0, Sand (Fill), 28, 20, 1, 0, 0, 21, 22, 0, 0, 0, 0, 0, 0, 
108,5.35535,-4.15535,-4.18038,-4.2054,Square,0.1,0.4, 0.3,0.942478, 0,0,0, -1, 0.05005, 0, Sand (Fill), 28, 20, 1, 0, 0, 21, 22, 0, 0, 0, 0, 0, 0, 
109,5.4054,-4.2054,-4.23043,-4.25545,Square,0.1,0.4, 0.3,0.942478, 0,0,0, -1, 0.05005, 0, Sand (Fill), 28, 20, 1, 0, 0, 21, 22, 0, 0, 0, 0, 0, 0, 
110,5.45545,-4.25545,-4.28048,-4.3055,Square,0.1,0.4, 0.3,0.942478, 0,0,0, -1, 0.05005, 0, Sand (Fill), 28, 20, 1, 0, 0, 21, 22, 0, 0, 0, 0, 0, 0, 
111,5.5055,-4.3055,-4.33053,-4.35555,Square,0.1,0.4, 0.3,0.942478, 0,0,0, -1, 0.05005, 0, Sand (Fill), 28, 20, 1, 0, 0, 21, 22, 0, 0, 0, 0, 0, 0, 
112,5.55555,-4.35555,-4.38058,-4.4056,Square,0.1,0.4, 0.3,0.942478, 0,0,0, -1, 0.05005, 0, Sand (Fill), 28, 20, 1, 0, 0, 21, 22, 0, 0, 0, 0, 0, 0, 
113,5.6056,-4.4056,-4.43063,-4.45565,Square,0.1,0.4, 0.3,0.942478, 0,0,0, -1, 0.05005, 0, Sand (Fill), 28, 20, 1, 0, 0, 21, 22, 0, 0, 0, 0, 0, 0, 
114,5.65565,-4.45565,-4.48068,-4.5057,Square,0.1,0.4, 0.3,0.942478, 0,0,0, -1, 0.05005, 0, Sand (Fill), 28, 20, 1, 0, 0, 21, 22, 0, 0, 0, 0, 0, 0, 
115,5.7057,-4.5057,-4.53073,-4.55575,Square,0.1,0.4, 0.3,0.942478, 0,0,0, -1, 0.05005, 0, Sand (Fill), 28, 20, 1, 0, 0, 21, 22, 0, 0, 0, 0, 0, 0, 
116,5.75575,-4.55575,-4.58078,-4.6058,Square,0.1,0.4, 0.3,0.942478, 0,0,0, -1, 0.05005, 0, Sand (Fill), 28, 20, 1, 0, 0, 21, 22, 0, 0, 0, 0, 0, 0, 
117,5.8058,-4.6058,-4.63083,-4.65585,Square,0.1,0.4, 0.3,0.942478, 0,0,0, -1, 0.05005, 0, Sand (Fill), 28, 20, 1, 0, 0, 21, 22, 0, 0, 0, 0, 0, 0, 
118,5.85585,-4.65585,-4.68088,-4.7059,Square,0.1,0.4, 0.3,0.942478, 0,0,0, -1, 0.05005, 0, Sand (Fill), 28, 20, 1, 0, 0, 21, 22, 0, 0, 0, 0, 0, 0, 
119,5.9059,-4.7059,-4.73093,-4.75595,Square,0.1,0.4, 0.3,0.942478, 0,0,0, -1, 0.05005, 0, Sand (Fill), 28, 20, 1, 0, 0, 21, 22, 0, 0, 0, 0, 0, 0, 
120,5.95595,-4.75595,-4.77797,-4.8,Square,0.1,0.4, 0.3,0.942478, 0,0,0, -1, 0.04405, 0, Sand (Fill), 28, 20, 1, 0, 0, 21, 22, 0, 0, 0, 0, 0, 0, 
121,6,-4.8,-4.803,-4.806,Square,0.1,0.4, 0.3,0.942478, 0.3,0.0706858,0, 0, 0.006, 0, Sand (Fill), 28, 20, 1, 0, 0, 21, 22, 38.0313, 32.7258, 6.7138, 38.0313, 32.7258, 6.7138, 
122,6.006,-4.806,-4.83103,-4.85605,Circular,0.1,0.314159, 0.3,0.942478, 0,0,1, -1, 0.05005, 0, Sand (Fill), 28, 20, 1, 0, 0, 21, 22, 0, 0, 0, 0, 0, 0, 
123,6.05605,-4.85605,-4.88108,-4.9061,Circular,0.1,0.314159, 0.3,0.942478, 0,0,1, -1, 0.05005, 0, Sand (Fill), 28, 20, 1, 0, 0, 21, 22, 0, 0, 0, 0, 0, 0, 
124,6.1061,-4.9061,-4.93112,-4.95615,Circular,0.1,0.314159, 0.3,0.942478, 0,0,1, -1, 0.05005, 0, Sand (Fill), 28, 20, 1, 0, 0, 21, 22, 0, 0, 0, 0, 0, 0, 
125,6.15615,-4.95615,-4.98117,-5.0062,Circular,0.1,0.314159, 0.3,0.942478, 0,0,1, -1, 0.05005, 0, Sand (Fill), 28, 20, 1, 0, 0, 21, 22, 0, 0, 0, 0, 0, 0, 
126,6.2062,-5.0062,-5.03122,-5.05625,Circular,0.1,0.314159, 0.3,0.942478, 0,0,1, -1, 0.05005, 0, Silty Clay, 0, 0, 0, 1, 72, 19, 20, 0, 0, 0, 0, 0, 0, 
127,6.25625,-5.05625,-5.08127,-5.1063,Circular,0.1,0.314159, 0.3,0.942478, 0,0,1, -1, 0.05005, 0, Silty Clay, 0, 0, 0, 1, 72, 19, 20, 0, 0, 0, 0, 0, 0, 
128,6.3063,-5.1063,-5.13132,-5.15635,Circular,0.1,0.314159, 0.3,0.942478, 0,0,1, -1, 0.05005, 0, Silty Clay, 0, 0, 0, 1, 72, 19, 20, 0, 0, 0, 0, 0, 0, 
129,6.35635,-5.15635,-5.18137,-5.2064,Circular,0.1,0.314159, 0.3,0.942478, 0,0,1, -1, 0.05005, 0, Silty Clay, 0, 0, 0, 1, 72, 19, 20, 0, 0, 0, 0, 0, 0, 
130,6.4064,-5.2064,-5.23142,-5.25645,Circular,0.1,0.314159, 0.3,0.942478, 0,0,1, -1, 0.05005, 0, Silty Clay, 0, 0, 0, 1, 72, 19, 20, 0, 0, 0, 0, 0, 0, 
131,6.45645,-5.25645,-5.27822,-5.3,Circular,0.1,0.314159, 0.3,0.942478, 0,0,1, -1, 0.04355, 0, Silty Clay, 0, 0, 0, 1, 72, 19, 20, 0, 0, 0, 0, 0, 0, 
132,6.5,-5.3,-5.30325,-5.3065,Circular,0.1,0.314159, 0.3,0.942478, 0.3,0.0706858,1, 1, 0.0065, 0, Silty Clay, 0, 0, 0, 1, 72, 19, 20, 8, 1, -0, 8, 1, -0, 
133,6.5065,-5.3065,-5.33152,-5.35655,Circular,0.1,0.314159, 0.3,0.942478, 0,0,1, -1, 0.05005, 0, Silty Clay, 0, 0, 0, 1, 72, 19, 20, 0, 0, 0, 0, 0, 0, 
134,6.55655,-5.35655,-5.38157,-5.4066,Circular,0.1,0.314159, 0.3,0.942478, 0,0,1, -1, 0.05005, 0, Silty Clay, 0, 0, 0, 1, 72, 19, 20, 0, 0, 0, 0, 0, 0, 
135,6.6066,-5.4066,-5.43162,-5.45665,Circular,0.1,0.314159, 0.3,0.942478, 0,0,1, -1, 0.05005, 0, Silty Clay, 0, 0, 0, 1, 72, 19, 20, 0, 0, 0, 0, 0, 0, 
136,6.65665,-5.45665,-5.48167,-5.5067,Circular,0.1,0.314159, 0.3,0.942478, 0,0,1, -1, 0.05005, 0, Silty Clay, 0, 0, 0, 1, 72, 19, 20, 0, 0, 0, 0, 0, 0, 
137,6.7067,-5.5067,-5.53172,-5.55675,Circular,0.1,0.314159, 0.3,0.942478, 0,0,1, -1, 0.05005, 0, Silty Clay, 0, 0, 0, 1, 72, 19, 20, 0, 0, 0, 0, 0, 0, 
138,6.75675,-5.55675,-5.58177,-5.6068,Circular,0.1,0.314159, 0.3,0.942478, 0,0,1, -1, 0.05005, 0, Silty Clay, 0, 0, 0, 1, 72, 19, 20, 0, 0, 0, 0, 0, 0, 
139,6.8068,-5.6068,-5.63182,-5.65685,Circular,0.1,0.314159, 0.3,0.942478, 0,0,1, -1, 0.05005, 0, Silty Clay, 0, 0, 0, 1, 72, 19, 20, 0, 0, 0, 0, 0, 0, 
140,6.85685,-5.65685,-5.68187,-5.7069,Circular,0.1,0.314159, 0.3,0.942478, 0,0,1, -1, 0.05005, 0, Silty Clay, 0, 0, 0, 1, 72, 19, 20, 0, 0, 0, 0, 0, 0, 
141,6.9069,-5.7069,-5.73192,-5.75695,Circular,0.1,0.314159, 0.3,0.942478, 0,0,1, -1, 0.05005, 0, Silty Clay, 0, 0, 0, 1, 72, 19, 20, 0, 0, 0, 0, 0, 0, 
142,6.95695,-5.75695,-5.77847,-5.8,Circular,0.1,0.314159, 0.3,0.942478, 0,0,1, -1, 0.04305, 0, Silty Clay, 0, 0, 0, 1, 72, 19, 20, 0, 0, 0, 0, 0, 0, 
143,7,-5.8,-5.8035,-5.807,Circular,0.1,0.314159, 0.3,0.942478, 0.3,0.0706858,1, 2, 0.007, 0, Silty Clay, 0, 0, 0, 1, 72, 19, 20, 8, 1, -0, 8, 1, -0, 
144,7.007,-5.807,-5.83202,-5.85705,Circular,0.1,0.314159, 0.3,0.942478, 0,0,1, -1, 0.05005, 0, Silty Clay, 0, 0, 0, 1, 72, 19, 20, 0, 0, 0, 0, 0, 0, 
145,7.05705,-5.85705,-5.88207,-5.9071,Circular,0.1,0.314159, 0.3,0.942478, 0,0,1, -1, 0.05005, 0, Silty Clay, 0, 0, 0, 1, 72, 19, 20, 0, 0, 0, 0, 0, 0, 
146,7.1071,-5.9071,-5.93212,-5.95715,Circular,0.1,0.314159, 0.3,0.942478, 0,0,1, -1, 0.05005, 0, Silty Clay, 0, 0, 0, 1, 72, 19, 20, 0, 0, 0, 0, 0, 0, 
147,7.15715,-5.95715,-5.98217,-6.0072,Circular,0.1,0.314159, 0.3,0.942478, 0,0,1, -1, 0.05005, 0, Silty Clay, 0, 0, 0, 1, 72, 19, 20, 0, 0, 0, 0, 0, 0, 
148,7.2072,-6.0072,-6.03222,-6.05725,Circular,0.1,0.314159, 0.3,0.942478, 0,0,1, -1, 0.05005, 0, Silty Clay, 0, 0, 0, 1, 72, 19, 20, 0, 0, 0, 0, 0, 0, 
149,7.25725,-6.05725,-6.08227,-6.1073,Circular,0.1,0.314159, 0.3,0.942478, 0,0,1, -1, 0.05005, 0, Silty Clay, 0, 0, 0, 1, 72, 19, 20, 0, 0, 0, 0, 0, 0, 
150,7.3073,-6.1073,-6.13232,-6.15735,Circular,0.1,0.314159, 0.3,0.942478, 0,0,1, -1, 0.05005, 0, Silty Clay, 0, 0, 0, 1, 72, 19, 20, 0, 0, 0, 0, 0, 0, 
151,7.35735,-6.15735,-6.18237,-6.2074,Circular,0.1,0.314159, 0.3,0.942478, 0,0,1, -1, 0.05005, 0, Silty Clay, 0, 0, 0, 1, 72, 19, 20, 0, 0, 0, 0, 0, 0, 
152,7.4074,-6.2074,-6.23242,-6.25745,Circular,0.1,0.314159, 0.3,0.942478, 0,0,1, -1, 0.05005, 0, Silty Clay, 0, 0, 0, 1, 72, 19, 20, 0, 0, 0, 0, 0, 0, 
153,7.45745,-6.25745,-6.27872,-6.3,Circular,0.1,0.314159, 0.3,0.942478, 0,0,1, -1, 0.04255, 0, Silty Clay, 0, 0, 0, 1, 72, 19, 20, 0, 0, 0, 0, 0, 0, 
154,7.5,-6.3,-6.30375,-6.3075,Circular,0.1,0.314159, 0.3,0.942478, 0.3,0.0706858,1, 3, 0.0075, 0, Silty Clay, 0, 0, 0, 1, 72, 19, 20, 8, 1, -0, 8, 1, -0, 
155,7.5075,-6.3075,-6.33252,-6.35755,Circular,0.1,0.314159, 0.3,0.942478, 0,0,1, -1, 0.05005, 0, Silty Clay, 0, 0, 0, 1, 72, 19, 20, 0, 0, 0, 0, 0, 0, 
156,7.55755,-6.35755,-6.38257,-6.4076,Circular,0.1,0.314159, 0.3,0.942478, 0,0,1, -1, 0.05005, 0, Silty Clay, 0, 0, 0, 1, 72, 19, 20, 0, 0, 0, 0, 0, 0, 
157,7.6076,-6.4076,-6.43262,-6.45765,Circular,0.1,0.314159, 0.3,0.942478, 0,0,1, -1, 0.05005, 0, Silty Clay, 0, 0, 0, 1, 72, 19, 20, 0, 0, 0, 0, 0, 0, 
158,7.65765,-6.45765,-6.48267,-6.5077,Circular,0.1,0.314159, 0.3,0.942478, 0,0,1, -1, 0.05005, 0, Silty Clay, 0, 0, 0, 1, 72, 19, 20, 0, 0, 0, 0, 0, 0, 
159,7.7077,-6.5077,-6.53272,-6.55775,Circular,0.1,0.314159, 0.3,0.942478, 0,0,1, -1, 0.05005, 0, Silty Clay, 0, 0, 0, 1, 72, 19, 20, 0, 0, 0, 0, 0, 0, 
160,7.75775,-6.55775,-6.58277,-6.6078,Circular,0.1,0.314159, 0.3,0.942478, 0,0,1, -1, 0.05005, 0, Silty Clay, 0, 0, 0, 1, 72, 19, 20, 0, 0, 0, 0, 0, 0, 
161,7.8078,-6.6078,-6.63282,-6.65785,Circular,0.1,0.314159, 0.3,0.942478, 0,0,1, -1, 0.05005, 0, Silty Clay, 0, 0, 0, 1, 72, 19, 20, 0, 0, 0, 0, 0, 0, 
162,7.85785,-6.65785,-6.68287,-6.7079,Circular,0.1,0.314159, 0.3,0.942478, 0,0,1, -1, 0.05005, 0, Silty Clay, 0, 0, 0, 1, 72, 19, 20, 0, 0, 0, 0, 0, 0, 
163,7.9079,-6.7079,-6.73292,-6.75795,Circular,0.1,0.314159, 0.3,0.942478, 0,0,1, -1, 0.05005, 0, Silty Clay, 0, 0, 0, 1, 72, 19, 20, 0, 0, 0, 0, 0, 0, 
164,7.95795,-6.75795,-6.77897,-6.8,Circular,0.1,0.314159, 0.3,0.942478, 0,0,1, -1, 0.04205, 0, Silty Clay, 0, 0, 0, 1, 72, 19, 20, 0, 0, 0, 0, 0, 0, 
165,8,-6.8,-6.804,-6.808,Circular,0.1,0.314159, 0.3,0.942478, 0.3,0.0706858,1, 4, 0.008, 0, Silty Clay, 0, 0, 0, 1, 72, 19, 20, 8, 1, -0, 8, 1, -0, 
166,8.008,-6.808,-6.83302,-6.85805,Circular,0.1,0.314159, 0.3,0.942478, 0,0,1, -1, 0.05005, 0, Silty Clay, 0, 0, 0, 1, 72, 19, 20, 0, 0, 0, 0, 0, 0, 
167,8.05805,-6.85805,-6.88307,-6.9081,Circular,0.1,0.314159, 0.3,0.942478, 0,0,1, -1, 0.05005, 0, Silty Clay, 0, 0, 0, 1, 72, 19, 20, 0, 0, 0, 0, 0, 0, 
168,8.1081,-6.9081,-6.93312,-6.95815,Circular,0.1,0.314159, 0.3,0.942478, 0,0,1, -1, 0.05005, 0, Silty Clay, 0, 0, 0, 1, 72, 19, 20, 0, 0, 0, 0, 0, 0, 
169,8.15815,-6.95815,-6.98317,-7.0082,Circular,0.1,0.314159, 0.3,0.942478, 0,0,1, -1, 0.05005, 0, Silty Clay, 0, 0, 0, 1, 72, 19, 20, 0, 0, 0, 0, 0, 0, 
170,8.2082,-7.0082,-7.03322,-7.05825,Circular,0.1,0.314159, 0.3,0.942478, 0,0,1, -1, 0.05005, 0, Silty Clay, 0, 0, 0, 1, 72, 19, 20, 0, 0, 0, 0, 0, 0, 
171,8.25825,-7.05825,-7.08327,-7.1083,Circular,0.1,0.314159, 0.3,0.942478, 0,0,1, -1, 0.05005, 0, Silty Clay, 0, 0, 0, 1, 72, 19, 20, 0, 0, 0, 0, 0, 0, 
172,8.3083,-7.1083,-7.13332,-7.15835,Circular,0.1,0.314159, 0.3,0.942478, 0,0,1, -1, 0.05005, 0, Silty Clay, 0, 0, 0, 1, 72, 19, 20, 0, 0, 0, 0, 0, 0, 
173,8.35835,-7.15835,-7.18337,-7.2084,Circular,0.1,0.314159, 0.3,0.942478, 0,0,1, -1, 0.05005, 0, Silty Clay, 0, 0, 0, 1, 72, 19, 20, 0, 0, 0, 0, 0, 0, 
174,8.4084,-7.2084,-7.23342,-7.25845,Circular,0.1,0.314159, 0.3,0.942478, 0,0,1, -1, 0.05005, 0, Silty Clay, 0, 0, 0, 1, 72, 19, 20, 0, 0, 0, 0, 0, 0, 
175,8.45845,-7.25845,-7.27922,-7.3,Circular,0.1,0.314159, 0.3,0.942478, 0,0,1, -1, 0.04155, 0, Silty Clay, 0, 0, 0, 1, 72, 19, 20, 0, 0, 0, 0, 0, 0, 
176,8.5,-7.3,-7.30425,-7.3085,Circular,0.1,0.314159, 0.3,0.942478, 0.3,0.0706858,1, 5, 0.0085, 0, Silty Clay, 0, 0, 0, 1, 72, 19, 20, 8, 1, -0, 8, 1, -0, 
177,8.5085,-7.3085,-7.33352,-7.35855,Circular,0.1,0.314159, 0.3,0.942478, 0,0,1, -1, 0.05005, 0, Silty Clay, 0, 0, 0, 1, 72, 19, 20, 0, 0, 0, 0, 0, 0, 
178,8.55855,-7.35855,-7.38357,-7.4086,Circular,0.1,0.314159, 0.3,0.942478, 0,0,1, -1, 0.05005, 0, Silty Clay, 0, 0, 0, 1, 72, 19, 20, 0, 0, 0, 0, 0, 0, 
179,8.6086,-7.4086,-7.43362,-7.45865,Circular,0.1,0.314159, 0.3,0.942478, 0,0,1, -1, 0.05005, 0, Silty Clay, 0, 0, 0, 1, 72, 19, 20, 0, 0, 0, 0, 0, 0, 
180,8.65865,-7.45865,-7.48367,-7.5087,Circular,0.1,0.314159, 0.3,0.942478, 0,0,1, -1, 0.05005, 0, Silty Clay, 0, 0, 0, 1, 72, 19, 20, 0, 0, 0, 0, 0, 0, 
181,8.7087,-7.5087,-7.53372,-7.55875,Circular,0.1,0.314159, 0.3,0.942478, 0,0,1, -1, 0.05005, 0, Silty Clay, 0, 0, 0, 1, 72, 19, 20, 0, 0, 0, 0, 0, 0, 
182,8.75875,-7.55875,-7.58377,-7.6088,Circular,0.1,0.314159, 0.3,0.942478, 0,0,1, -1, 0.05005, 0, Silty Clay, 0, 0, 0, 1, 72, 19, 20, 0, 0, 0, 0, 0, 0, 
183,8.8088,-7.6088,-7.63382,-7.65885,Circular,0.1,0.314159, 0.3,0.942478, 0,0,1, -1, 0.05005, 0, Silty Clay, 0, 0, 0, 1, 72, 19, 20, 0, 0, 0, 0, 0, 0, 
184,8.85885,-7.65885,-7.68387,-7.7089,Circular,0.1,0.314159, 0.3,0.942478, 0,0,1, -1, 0.05005, 0, Silty Clay, 0, 0, 0, 1, 72, 19, 20, 0, 0, 0, 0, 0, 0, 
185,8.9089,-7.7089,-7.73392,-7.75895,Circular,0.1,0.314159, 0.3,0.942478, 0,0,1, -1, 0.05005, 0, Silty Clay, 0, 0, 0, 1, 72, 19, 20, 0, 0, 0, 0, 0, 0, 
186,8.95895,-7.75895,-7.77947,-7.8,Circular,0.1,0.314159, 0.3,0.942478, 0,0,1, -1, 0.04105, 0, Silty Clay, 0, 0, 0, 1, 72, 19, 20, 0, 0, 0, 0, 0, 0, 
187,9,-7.8,-7.8045,-7.809,Circular,0.1,0.314159, 0.3,0.942478, 0.3,0.0706858,1, 6, 0.009, 0, Silty Clay, 0, 0, 0, 1, 72, 19, 20, 8, 1, -0, 8, 1, -0, 
188,9.009,-7.809,-7.83402,-7.85905,Circular,0.1,0.314159, 0.3,0.942478, 0,0,1, -1, 0.05005, 0, Silty Clay, 0, 0, 0, 1, 72, 19, 20, 0, 0, 0, 0, 0, 0, 
189,9.05905,-7.85905,-7.88407,-7.9091,Circular,0.1,0.314159, 0.3,0.942478, 0,0,1, -1, 0.05005, 0, Silty Clay, 0, 0, 0, 1, 72, 19, 20, 0, 0, 0, 0, 0, 0, 
190,9.1091,-7.9091,-7.93412,-7.95915,Circular,0.1,0.314159, 0.3,0.942478, 0,0,1, -1, 0.05005, 0, Silty Clay, 0, 0, 0, 1, 72, 19, 20, 0, 0, 0, 0, 0, 0, 
191,9.15915,-7.95915,-7.98417,-8.0092,Circular,0.1,0.314159, 0.3,0.942478, 0,0,1, -1, 0.05005, 0, Silty Clay, 0, 0, 0, 1, 72, 19, 20, 0, 0, 0, 0, 0, 0, 
192,9.2092,-8.0092,-8.03422,-8.05925,Circular,0.1,0.314159, 0.3,0.942478, 0,0,1, -1, 0.05005, 0, Silty Clay, 0, 0, 0, 1, 72, 19, 20, 0, 0, 0, 0, 0, 0, 
193,9.25925,-8.05925,-8.08427,-8.1093,Circular,0.1,0.314159, 0.3,0.942478, 0,0,1, -1, 0.05005, 0, Silty Clay, 0, 0, 0, 1, 72, 19, 20, 0, 0, 0, 0, 0, 0, 
194,9.3093,-8.1093,-8.13432,-8.15935,Circular,0.1,0.314159, 0.3,0.942478, 0,0,1, -1, 0.05005, 0, Silty Clay, 0, 0, 0, 1, 72, 19, 20, 0, 0, 0, 0, 0, 0, 
195,9.35935,-8.15935,-8.18437,-8.2094,Circular,0.1,0.314159, 0.3,0.942478, 0,0,1, -1, 0.05005, 0, Silty Clay, 0, 0, 0, 1, 72, 19, 20, 0, 0, 0, 0, 0, 0, 
196,9.4094,-8.2094,-8.23442,-8.25945,Circular,0.1,0.314159, 0.3,0.942478, 0,0,1, -1, 0.05005, 0, Silty Clay, 0, 0, 0, 1, 72, 19, 20, 0, 0, 0, 0, 0, 0, 
197,9.45945,-8.25945,-8.27972,-8.3,Circular,0.1,0.314159, 0.3,0.942478, 0,0,1, -1, 0.04055, 0, Silty Clay, 0, 0, 0, 1, 72, 19, 20, 0, 0, 0, 0, 0, 0, 
198,9.5,-8.3,-8.30475,-8.3095,Circular,0.1,0.314159, 0.3,0.942478, 0.3,0.0706858,1, 7, 0.0095, 0, Silty Clay, 0, 0, 0, 1, 72, 19, 20, 8, 1, -0, 8, 1, -0, 
199,9.5095,-8.3095,-8.33452,-8.35955,Circular,0.1,0.314159, 0.3,0.942478, 0,0,1, -1, 0.05005, 0, Silty Clay, 0, 0, 0, 1, 72, 19, 20, 0, 0, 0, 0, 0, 0, 
200,9.55955,-8.35955,-8.38457,-8.4096,Circular,0.1,0.314159, 0.3,0.942478, 0,0,1, -1, 0.05005, 0, Silty Clay, 0, 0, 0, 1, 72, 19, 20, 0, 0, 0, 0, 0, 0, 
201,9.6096,-8.4096,-8.43462,-8.45965,Circular,0.1,0.314159, 0.3,0.942478, 0,0,1, -1, 0.05005, 0, Silty Clay, 0, 0, 0, 1, 72, 19, 20, 0, 0, 0, 0, 0, 0, 
202,9.65965,-8.45965,-8.48467,-8.5097,Circular,0.1,0.314159, 0.3,0.942478, 0,0,1, -1, 0.05005, 0, Silty Clay, 0, 0, 0, 1, 72, 19, 20, 0, 0, 0, 0, 0, 0, 
203,9.7097,-8.5097,-8.53472,-8.55975,Circular,0.1,0.314159, 0.3,0.942478, 0,0,1, -1, 0.05005, 0, Silty Clay, 0, 0, 0, 1, 72, 19, 20, 0, 0, 0, 0, 0, 0, 
204,9.75975,-8.55975,-8.58477,-8.6098,Circular,0.1,0.314159, 0.3,0.942478, 0,0,1, -1, 0.05005, 0, Silty Clay, 0, 0, 0, 1, 72, 19, 20, 0, 0, 0, 0, 0, 0, 
205,9.8098,-8.6098,-8.63482,-8.65985,Circular,0.1,0.314159, 0.3,0.942478, 0,0,1, -1, 0.05005, 0, Silty Clay, 0, 0, 0, 1, 72, 19, 20, 0, 0, 0, 0, 0, 0, 
206,9.85985,-8.65985,-8.68487,-8.7099,Circular,0.1,0.314159, 0.3,0.942478, 0,0,1, -1, 0.05005, 0, Silty Clay, 0, 0, 0, 1, 72, 19, 20, 0, 0, 0, 0, 0, 0, 
207,9.9099,-8.7099,-8.73492,-8.75995,Circular,0.1,0.314159, 0.3,0.942478, 0,0,1, -1, 0.05005, 0, Silty Clay, 0, 0, 0, 1, 72, 19, 20, 0, 0, 0, 0, 0, 0, 
208,9.95995,-8.75995,-8.77997,-8.8,Circular,0.1,0.314159, 0.3,0.942478, 0,0,1, -1, 0.04005, 0, Silty Clay, 0, 0, 0, 1, 72, 19, 20, 0, 0, 0, 0, 0, 0, 
209,10,-8.8,-8.805,-8.81,Square,0.1,0.4, 0,0, 0.3,0.0706858,0, 8, 0.01, 0, Silty Clay, 0, 0, 0, 1, 72, 19, 20, 8, 1, -0, 8, 1, -0, 
